TransactionID,Date,ProductID,ProductName,Quantity,UnitPrice,Region,SalesPerson
f9fa0221,2025-10-30,104,Service X,5,49.99,South,Dana
a7c0ff67,2025-09-18,101,Widget A,1,19.99,South,Charlie
b5a063ae,2025-10-02,103,Widget C,3,9.99,West,Dana
a48729b6,2025-08-12,103,Widget C,1,9.99,Midwest,Dana
1c3741d4,2025-11-04,102,Widget B,1,29.99,West,Dana
b792d1ad,2025-08-09,101,Widget A,1,19.99,Midwest,Alice
fa346cfd,2025-11-04,101,Widget A,1,19.99,South,Charlie
1d9885d6,2025-08-30,104,Service X,1,49.99,West,Charlie
0f4c94ac,2025-09-19,102,Widget B,2,29.99,South,Dana
61a3c445,2025-09-12,104,Service X,1,49.99,South,Alice
94d8afd6,2025-09-08,103,Widget C,1,9.99,South,Bob
0ce1b637,2025-07-23,101,Widget A,10,19.99,Midwest,Bob
2e31d9be,2025-07-28,102,Widget B,1,29.99,West,Dana
6437285c,2025-11-07,104,Service X,1,49.99,Northeast,Dana
89bb2287,2025-09-04,103,Widget C,5,9.99,West,Bob
e36bfd7a,2025-10-31,104,Service X,1,49.99,Midwest,Bob
e0c15cd5,2025-11-02,104,Service X,1,49.99,South,Bob
8557ea82,2025-10-17,104,Service X,5,49.99,Midwest,Dana
94f77b9f,2025-08-02,103,Widget C,5,9.99,West,Bob
0a3fdb07,2025-10-14,104,Service X,1,49.99,West,Alice
7e1a1c01,2025-10-07,101,Widget A,1,19.99,Northeast,Dana
12c3f33d,2025-08-14,101,Widget A,1,19.99,West,Alice
a5517a45,2025-08-29,101,Widget A,2,19.99,Northeast,Alice
c3e4fe67,2025-09-28,101,Widget A,2,19.99,West,Dana
801093c6,2025-10-15,103,Widget C,2,9.99,Northeast,Dana
7e229649,2025-08-23,103,Widget C,2,9.99,Northeast,Bob
a2eaac32,2025-10-30,102,Widget B,1,29.99,South,Alice
27e01c11,2025-09-29,104,Service X,1,49.99,West,Charlie
7c3cb9b7,2025-08-11,102,Widget B,1,29.99,South,Dana
c60e321a,2025-10-31,102,Widget B,3,29.99,Northeast,Charlie
011cfdde,2025-10-28,103,Widget C,2,9.99,Northeast,Alice
c75776b7,2025-10-17,103,Widget C,2,9.99,South,Charlie
05561e2d,2025-07-28,103,Widget C,1,9.99,Midwest,Dana
b890eb23,2025-10-04,103,Widget C,1,9.99,South,Alice
aff54423,2025-09-09,101,Widget A,1,19.99,Midwest,Alice
6fdf1674,2025-08-11,103,Widget C,1,9.99,South,Alice
8de192a5,2025-08-24,101,Widget A,1,19.99,South,Charlie
0d7fc159,2025-10-13,104,Service X,5,49.99,Northeast,Bob
5d0de281,2025-09-14,101,Widget A,3,19.99,West,Dana
c44441fc,2025-09-01,104,Service X,3,49.99,South,Dana
bd884cf1,2025-11-15,104,Service X,1,49.99,Midwest,Alice
68b01370,2025-07-20,101,Widget A,1,19.99,Northeast,Dana
30f2fe1d,2025-10-04,101,Widget A,1,19.99,Midwest,Dana
5de6aac7,2025-08-15,101,Widget A,1,19.99,Northeast,Charlie
b438e9e8,2025-11-02,104,Service X,1,49.99,South,Bob
58665423,2025-08-20,104,Service X,1,49.99,West,Alice
b2c54592,2025-09-19,101,Widget A,1,19.99,West,Bob
609af08f,2025-08-27,102,Widget B,2,29.99,Northeast,Alice
ad2e532e,2025-09-13,101,Widget A,1,19.99,Midwest,Bob
797dcaff,2025-10-19,102,Widget B,1,29.99,West,Alice
aa69f213,2025-07-20,103,Widget C,1,9.99,Northeast,Dana
ff042db0,2025-10-17,104,Service X,1,49.99,South,Dana
b892a04b,2025-09-12,103,Widget C,1,9.99,Northeast,Charlie
55b7a53e,2025-08-26,104,Service X,1,49.99,Midwest,Bob
fc856165,2025-10-13,103,Widget C,2,9.99,West,Alice
690d3b04,2025-09-30,104,Service X,1,49.99,West,Alice
f64a3185,2025-07-22,104,Service X,1,49.99,West,Charlie
daa83f85,2025-10-17,103,Widget C,2,9.99,West,Dana
3d65aa94,2025-09-28,104,Service X,5,49.99,West,Dana
b75ceeef,2025-08-27,102,Widget B,3,29.99,South,Dana
f1b3f7ad,2025-09-14,101,Widget A,1,19.99,South,Bob
0a7d9bef,2025-08-30,103,Widget C,1,9.99,West,Bob
6a3648d8,2025-11-08,101,Widget A,1,19.99,Northeast,Bob
b850480d,2025-07-20,104,Service X,10,49.99,Northeast,Alice
91cc1212,2025-08-20,103,Widget C,1,9.99,Northeast,Charlie
584ba6df,2025-08-07,104,Service X,3,49.99,West,Dana
e32b3788,2025-09-11,104,Service X,3,49.99,West,Charlie
620a6d1d,2025-11-09,104,Service X,2,49.99,West,Dana
56a9b61b,2025-10-26,104,Service X,1,49.99,South,Alice
2c92c50b,2025-10-20,102,Widget B,1,29.99,Midwest,Bob
70a68db9,2025-09-11,103,Widget C,1,9.99,Northeast,Dana
2a197567,2025-08-21,104,Service X,1,49.99,Northeast,Dana
0156f185,2025-08-08,104,Service X,1,49.99,South,Charlie
613fb4f6,2025-08-05,104,Service X,1,49.99,West,Charlie
1433dc6f,2025-11-11,102,Widget B,1,29.99,Midwest,Bob
d9df633f,2025-08-26,102,Widget B,1,29.99,Midwest,Dana
06e05b74,2025-08-15,103,Widget C,2,9.99,Midwest,Alice
1db2af69,2025-08-16,103,Widget C,1,9.99,Northeast,Dana
d36cb260,2025-09-18,104,Service X,1,49.99,South,Dana
c04e3b0d,2025-09-06,104,Service X,1,49.99,West,Bob
a14f0cba,2025-10-20,102,Widget B,5,29.99,South,Dana
c8f80478,2025-11-01,101,Widget A,5,19.99,Northeast,Bob
da7908bf,2025-09-10,103,Widget C,10,9.99,Northeast,Dana
ca9e5325,2025-09-20,101,Widget A,1,19.99,South,Alice
70c41585,2025-09-24,104,Service X,1,49.99,Midwest,Charlie
135b91ad,2025-09-11,102,Widget B,5,29.99,Midwest,Dana
bd278b4a,2025-11-10,104,Service X,1,49.99,South,Bob
1c605cc7,2025-08-15,102,Widget B,3,29.99,Northeast,Dana
a727cdfa,2025-08-21,101,Widget A,2,19.99,West,Charlie
4feab951,2025-10-20,102,Widget B,2,29.99,South,Bob
c85031a5,2025-08-13,104,Service X,5,49.99,Midwest,Charlie
1088b71e,2025-09-14,104,Service X,2,49.99,Northeast,Dana
4efc8645,2025-11-06,104,Service X,1,49.99,South,Charlie
ad055cda,2025-08-03,104,Service X,1,49.99,West,Charlie
121f39d3,2025-09-20,102,Widget B,1,29.99,Midwest,Charlie
c38ea88b,2025-09-19,101,Widget A,3,19.99,Midwest,Bob
adb9a774,2025-09-06,104,Service X,1,49.99,South,Bob
6d937f01,2025-11-03,104,Service X,1,49.99,West,Alice
e8ac5f91,2025-09-17,104,Service X,10,49.99,South,Dana
3bd796f7,2025-07-25,101,Widget A,1,19.99,Midwest,Charlie
b89071e4,2025-10-26,103,Widget C,1,9.99,West,Alice
f125b09b,2025-11-10,104,Service X,2,49.99,South,Alice
65e2c183,2025-11-16,103,Widget C,1,9.99,Midwest,Charlie
f2820aad,2025-10-17,101,Widget A,1,19.99,Midwest,Charlie
76e74710,2025-07-28,104,Service X,1,49.99,Midwest,Bob
3c1b2bf9,2025-07-20,103,Widget C,1,9.99,Midwest,Bob
56632942,2025-09-05,101,Widget A,1,19.99,Northeast,Alice
c665d140,2025-08-04,101,Widget A,2,19.99,South,Alice
cbce9b83,2025-08-10,101,Widget A,1,19.99,West,Bob
5195c890,2025-08-04,103,Widget C,2,9.99,Northeast,Alice
6b4f1754,2025-10-05,104,Service X,1,49.99,Northeast,Bob
4fc4b27c,2025-11-06,102,Widget B,2,29.99,West,Dana
ae3d324f,2025-10-17,102,Widget B,1,29.99,South,Dana
9a3ae0fa,2025-08-21,102,Widget B,1,29.99,South,Bob
06d279c3,2025-07-29,102,Widget B,1,29.99,Midwest,Dana
a38eecdb,2025-10-22,102,Widget B,1,29.99,Midwest,Dana
51f73254,2025-07-20,104,Service X,1,49.99,West,Dana
0e81a8cc,2025-08-12,104,Service X,1,49.99,Northeast,Dana
dfd35766,2025-08-20,103,Widget C,2,9.99,West,Bob
7b1491dc,2025-08-23,104,Service X,1,49.99,Northeast,Charlie
ebe5d13d,2025-08-31,101,Widget A,1,19.99,Northeast,Alice
8f102fa1,2025-08-28,102,Widget B,1,29.99,Northeast,Alice
f6c1ccdc,2025-07-31,103,Widget C,1,9.99,Northeast,Charlie
b9ffcdd9,2025-11-10,103,Widget C,1,9.99,Midwest,Dana
2d54357c,2025-10-20,102,Widget B,1,29.99,Midwest,Bob
1cf4e327,2025-11-11,101,Widget A,1,19.99,Midwest,Alice
60cd9ec6,2025-11-10,101,Widget A,5,19.99,West,Dana
20123caf,2025-10-16,101,Widget A,10,19.99,West,Bob
d5b192fa,2025-10-28,101,Widget A,1,19.99,South,Alice
48dec717,2025-10-26,104,Service X,1,49.99,Northeast,Charlie
aa4b4464,2025-10-23,104,Service X,3,49.99,West,Alice
8930de67,2025-07-31,101,Widget A,1,19.99,South,Alice
a8ba4d05,2025-10-26,101,Widget A,1,19.99,Northeast,Bob
c6cb25b1,2025-10-11,104,Service X,1,49.99,Northeast,Charlie
d67a8dd2,2025-08-07,101,Widget A,1,19.99,Northeast,Alice
35378cc0,2025-08-07,104,Service X,1,49.99,West,Bob
2fa102d6,2025-10-22,104,Service X,1,49.99,Midwest,Charlie
5890effd,2025-08-04,101,Widget A,1,19.99,West,Alice
3ca13bcb,2025-09-09,103,Widget C,1,9.99,Northeast,Charlie
401c5e2a,2025-08-04,101,Widget A,1,19.99,Northeast,Bob
689b969c,2025-09-15,103,Widget C,10,9.99,Midwest,Alice
352a8827,2025-08-23,103,Widget C,1,9.99,South,Bob
20193dae,2025-11-07,104,Service X,1,49.99,Midwest,Dana
c262962e,2025-08-05,101,Widget A,3,19.99,Midwest,Alice
684ba3bf,2025-08-28,102,Widget B,1,29.99,South,Bob
2e27c8e7,2025-09-23,101,Widget A,1,19.99,Midwest,Charlie
0ca5741f,2025-07-27,104,Service X,3,49.99,Midwest,Dana
70c99e2f,2025-08-05,103,Widget C,5,9.99,Northeast,Dana
8f118413,2025-08-24,102,Widget B,2,29.99,South,Alice
35392fa8,2025-11-04,102,Widget B,2,29.99,Midwest,Bob
dd880428,2025-08-07,103,Widget C,1,9.99,Northeast,Alice
ced01d79,2025-11-10,104,Service X,1,49.99,West,Dana
75fb1c1a,2025-09-29,101,Widget A,3,19.99,South,Alice
dfceff6a,2025-07-22,101,Widget A,1,19.99,Northeast,Charlie
2190448f,2025-11-09,101,Widget A,3,19.99,Midwest,Alice
09ff19b4,2025-07-25,102,Widget B,1,29.99,West,Alice
a9e3733a,2025-09-18,103,Widget C,3,9.99,Midwest,Alice
d4a7e771,2025-10-02,104,Service X,1,49.99,South,Charlie
1ccc5063,2025-08-08,101,Widget A,1,19.99,Northeast,Alice
230dee50,2025-08-02,103,Widget C,1,9.99,Northeast,Bob
2a15b14f,2025-11-14,103,Widget C,5,9.99,Northeast,Charlie
0c186963,2025-07-31,102,Widget B,5,29.99,West,Bob
8f8cc286,2025-10-03,104,Service X,1,49.99,West,Bob
89f6c04a,2025-10-19,104,Service X,1,49.99,Midwest,Dana
dea866bd,2025-09-07,104,Service X,1,49.99,Northeast,Dana
dec35b5c,2025-09-21,103,Widget C,1,9.99,Northeast,Alice
0508da55,2025-08-21,101,Widget A,2,19.99,West,Dana
9a8b73f3,2025-08-17,101,Widget A,5,19.99,Northeast,Bob
c855cf4c,2025-10-09,103,Widget C,2,9.99,South,Alice
465c087b,2025-09-23,102,Widget B,5,29.99,Midwest,Charlie
892bf127,2025-11-05,101,Widget A,1,19.99,Northeast,Bob
227dc445,2025-09-22,102,Widget B,10,29.99,Northeast,Charlie
dbf93e46,2025-10-12,102,Widget B,1,29.99,Midwest,Charlie
f93e2f29,2025-08-15,101,Widget A,3,19.99,Midwest,Alice
157a1632,2025-10-26,103,Widget C,1,9.99,West,Charlie
b991dad1,2025-07-25,104,Service X,2,49.99,South,Alice
5d870103,2025-10-29,103,Widget C,1,9.99,Northeast,Alice
f60f6f06,2025-08-25,102,Widget B,3,29.99,Northeast,Alice
188942d2,2025-10-05,101,Widget A,1,19.99,South,Alice
9cb2cd20,2025-10-04,104,Service X,1,49.99,Northeast,Dana
21fdf38d,2025-08-20,102,Widget B,1,29.99,West,Charlie
ba06976d,2025-08-14,102,Widget B,1,29.99,Midwest,Charlie
30eb8fa6,2025-09-07,104,Service X,2,49.99,West,Alice
0f0b8fbf,2025-10-21,102,Widget B,2,29.99,Northeast,Dana
948ab3d9,2025-09-04,103,Widget C,2,9.99,Northeast,Bob
036be2bc,2025-09-23,103,Widget C,1,9.99,Midwest,Dana
62956579,2025-10-25,102,Widget B,1,29.99,Midwest,Bob
5ec3d02e,2025-10-06,103,Widget C,1,9.99,Midwest,Dana
79f174c0,2025-08-26,101,Widget A,2,19.99,West,Bob
1f6bc958,2025-11-15,102,Widget B,3,29.99,Northeast,Alice
c99b90a6,2025-07-23,102,Widget B,5,29.99,Midwest,Alice
9c41d123,2025-10-11,104,Service X,1,49.99,Midwest,Alice
e5645261,2025-09-23,101,Widget A,1,19.99,South,Dana
4dda998c,2025-10-02,103,Widget C,1,9.99,South,Charlie
baf0e05a,2025-10-07,103,Widget C,1,9.99,West,Dana
dc3f2bb3,2025-07-23,104,Service X,1,49.99,Northeast,Charlie
4edc189e,2025-10-23,103,Widget C,1,9.99,West,Bob
42f1fadd,2025-09-18,102,Widget B,1,29.99,Northeast,Alice
c45c2187,2025-10-09,104,Service X,1,49.99,Midwest,Alice
21b2411b,2025-09-27,101,Widget A,1,19.99,West,Bob
f57b6a9d,2025-09-03,102,Widget B,1,29.99,Midwest,Alice
53296c7e,2025-08-15,101,Widget A,1,19.99,South,Alice
6435140e,2025-10-13,103,Widget C,1,9.99,South,Charlie
7ce7cdfe,2025-09-05,101,Widget A,1,19.99,West,Alice
0f842ed1,2025-07-27,101,Widget A,1,19.99,West,Charlie
965c89a0,2025-09-04,103,Widget C,5,9.99,Midwest,Bob
1ad833ca,2025-08-16,103,Widget C,1,9.99,Midwest,Alice
32fd2fd0,2025-08-14,102,Widget B,1,29.99,South,Charlie
94c23247,2025-07-22,103,Widget C,3,9.99,South,Charlie
9808ed92,2025-11-05,102,Widget B,1,29.99,South,Charlie
cf74af0c,2025-08-03,104,Service X,1,49.99,Northeast,Dana
33c326dd,2025-10-01,103,Widget C,1,9.99,South,Bob
7288f880,2025-10-17,102,Widget B,1,29.99,Northeast,Alice
dc7e1cbd,2025-10-11,101,Widget A,1,19.99,South,Alice
e32907f0,2025-11-05,102,Widget B,1,29.99,South,Bob
2ba52064,2025-08-22,103,Widget C,2,9.99,Northeast,Dana
d1a728b5,2025-10-10,102,Widget B,1,29.99,Midwest,Dana
83601b05,2025-08-14,104,Service X,1,49.99,West,Charlie
1f3875dc,2025-11-05,102,Widget B,1,29.99,Northeast,Alice
52f141fe,2025-08-10,101,Widget A,1,19.99,South,Dana
c73da396,2025-07-23,102,Widget B,1,29.99,Midwest,Bob
9c5100a4,2025-10-22,104,Service X,3,49.99,South,Charlie
4e9f05b0,2025-11-11,103,Widget C,1,9.99,West,Dana
3947e675,2025-10-22,102,Widget B,1,29.99,West,Charlie
031a328a,2025-07-23,103,Widget C,2,9.99,Northeast,Bob
3daf0c8b,2025-11-16,102,Widget B,1,29.99,Northeast,Bob
dd0fc9a0,2025-10-06,103,Widget C,1,9.99,South,Alice
840796a7,2025-09-01,101,Widget A,1,19.99,Midwest,Dana
2e2f75b4,2025-08-07,104,Service X,1,49.99,Northeast,Dana
7257f546,2025-09-04,101,Widget A,1,19.99,West,Bob
e5d5f511,2025-08-25,102,Widget B,1,29.99,West,Alice
8d0d216e,2025-11-03,103,Widget C,1,9.99,Midwest,Dana
89f499e1,2025-07-29,101,Widget A,1,19.99,West,Bob
264e1bfc,2025-08-01,104,Service X,2,49.99,Northeast,Charlie
aeb51ef1,2025-10-28,101,Widget A,2,19.99,South,Charlie
5d578768,2025-08-12,102,Widget B,1,29.99,Midwest,Charlie
286d06e6,2025-09-06,101,Widget A,3,19.99,West,Bob
8a1d0fc5,2025-10-05,101,Widget A,2,19.99,Northeast,Bob
96cab8b7,2025-10-03,103,Widget C,1,9.99,West,Dana
c395e39e,2025-08-10,104,Service X,3,49.99,West,Charlie
34d6d84f,2025-11-01,101,Widget A,1,19.99,Midwest,Charlie
7ee4ab1d,2025-10-12,101,Widget A,2,19.99,South,Bob
d4e41ff6,2025-08-14,102,Widget B,1,29.99,Northeast,Bob
4587e2ce,2025-10-16,102,Widget B,2,29.99,South,Dana
8d4ff652,2025-08-02,104,Service X,1,49.99,Midwest,Alice
95f77239,2025-08-11,103,Widget C,1,9.99,Northeast,Alice
eb272c66,2025-10-24,103,Widget C,1,9.99,Midwest,Alice
0b19897e,2025-10-31,104,Service X,1,49.99,South,Bob
56986d08,2025-07-25,103,Widget C,1,9.99,West,Bob
7311ac69,2025-09-21,104,Service X,2,49.99,Northeast,Alice
f0c421c9,2025-11-12,102,Widget B,3,29.99,West,Alice
f18e696c,2025-08-26,101,Widget A,1,19.99,Northeast,Charlie
8ef1cb88,2025-09-12,101,Widget A,1,19.99,Midwest,Bob
cd766f7b,2025-07-29,101,Widget A,3,19.99,Northeast,Bob
22083ab8,2025-08-26,101,Widget A,1,19.99,West,Alice
1de18ecd,2025-10-15,104,Service X,1,49.99,Northeast,Dana
1d97573a,2025-07-24,101,Widget A,1,19.99,West,Alice
88659cbd,2025-07-21,103,Widget C,1,9.99,South,Dana
10efaa0c,2025-08-24,102,Widget B,1,29.99,Northeast,Dana
210e9487,2025-07-30,102,Widget B,5,29.99,Midwest,Bob
5a1cf640,2025-09-29,103,Widget C,1,9.99,Midwest,Charlie
b3808a09,2025-07-31,102,Widget B,1,29.99,Midwest,Bob
a074cde5,2025-10-16,101,Widget A,1,19.99,West,Charlie
e088936e,2025-10-03,104,Service X,1,49.99,West,Alice
67d64f90,2025-11-16,101,Widget A,2,19.99,Midwest,Alice
82f28f34,2025-10-19,103,Widget C,1,9.99,Midwest,Charlie
c6f8c66a,2025-08-17,102,Widget B,5,29.99,Midwest,Charlie
05465c01,2025-08-11,101,Widget A,1,19.99,Northeast,Bob
814cf727,2025-11-06,104,Service X,1,49.99,Northeast,Alice
ee087d4a,2025-09-20,102,Widget B,1,29.99,West,Charlie
55a1c34c,2025-08-09,103,Widget C,1,9.99,Northeast,Bob
8aad62ba,2025-09-09,101,Widget A,1,19.99,Northeast,Charlie
30561127,2025-09-20,104,Service X,1,49.99,South,Bob
2758ff43,2025-07-21,103,Widget C,1,9.99,Midwest,Charlie
4312a3ca,2025-08-05,104,Service X,1,49.99,West,Charlie
0f86d392,2025-09-08,102,Widget B,1,29.99,South,Dana
071b5946,2025-09-27,101,Widget A,5,19.99,Northeast,Alice
9d44c883,2025-09-20,103,Widget C,1,9.99,West,Bob
5d46d6cd,2025-10-12,101,Widget A,1,19.99,West,Alice
a92ea8e7,2025-09-06,104,Service X,1,49.99,West,Charlie
6ac5295b,2025-09-18,104,Service X,1,49.99,Northeast,Dana
2ca9b8e6,2025-08-01,102,Widget B,2,29.99,South,Dana
9b50e00b,2025-10-10,102,Widget B,1,29.99,Northeast,Alice
cb2b85d2,2025-09-02,101,Widget A,1,19.99,West,Charlie
1339f6e0,2025-08-06,101,Widget A,2,19.99,South,Bob
98114f90,2025-09-23,102,Widget B,1,29.99,Midwest,Bob
34172578,2025-08-26,103,Widget C,1,9.99,Northeast,Dana
3510f9df,2025-08-17,103,Widget C,5,9.99,West,Bob
3c874078,2025-10-01,103,Widget C,1,9.99,West,Alice
6f319f63,2025-10-14,103,Widget C,1,9.99,Midwest,Charlie
f2575996,2025-10-20,104,Service X,1,49.99,South,Charlie
5591b924,2025-10-15,103,Widget C,1,9.99,Northeast,Dana
7adcb72d,2025-09-11,101,Widget A,2,19.99,South,Charlie
393c92ab,2025-10-24,104,Service X,1,49.99,Midwest,Charlie
9242b988,2025-10-23,104,Service X,2,49.99,West,Bob
8019f751,2025-11-03,104,Service X,1,49.99,Northeast,Bob
dfff926f,2025-10-12,102,Widget B,1,29.99,West,Bob
4981f17d,2025-07-26,102,Widget B,1,29.99,South,Alice
b3596687,2025-08-07,104,Service X,1,49.99,West,Alice
4f03ce7b,2025-09-17,102,Widget B,3,29.99,South,Alice
73906757,2025-08-08,103,Widget C,1,9.99,Midwest,Charlie
a6fc8c5a,2025-10-14,103,Widget C,1,9.99,Northeast,Alice
a54cf6c4,2025-08-26,104,Service X,1,49.99,Midwest,Alice
15ca5ffe,2025-09-01,103,Widget C,5,9.99,Midwest,Dana
3a7e0cd3,2025-08-12,101,Widget A,3,19.99,West,Charlie
22077cf2,2025-11-06,103,Widget C,2,9.99,Northeast,Bob
133b4033,2025-11-11,101,Widget A,1,19.99,West,Bob
1b84cf79,2025-11-05,101,Widget A,1,19.99,Midwest,Bob
2d9d74cd,2025-11-03,102,Widget B,10,29.99,Midwest,Alice
0dde54e1,2025-11-05,102,Widget B,1,29.99,South,Bob
91e2e046,2025-08-06,104,Service X,1,49.99,West,Alice
e7504802,2025-08-26,102,Widget B,1,29.99,Northeast,Bob
a38c4753,2025-10-03,103,Widget C,1,9.99,Midwest,Alice
a7cf64e5,2025-08-15,101,Widget A,1,19.99,South,Dana
298c5fcf,2025-10-25,104,Service X,1,49.99,Northeast,Charlie
62869cbb,2025-07-29,101,Widget A,3,19.99,Northeast,Dana
534be3b2,2025-09-19,102,Widget B,1,29.99,Midwest,Dana
a872a334,2025-09-11,103,Widget C,1,9.99,Northeast,Dana
046ff773,2025-11-11,102,Widget B,1,29.99,South,Dana
b3ec1a25,2025-07-30,104,Service X,5,49.99,South,Charlie
830d66ec,2025-10-31,103,Widget C,5,9.99,South,Charlie
94135eea,2025-08-12,102,Widget B,1,29.99,West,Alice
73eea8cd,2025-08-24,103,Widget C,1,9.99,South,Dana
925181b8,2025-11-03,101,Widget A,1,19.99,Northeast,Charlie
c5b3279b,2025-10-25,101,Widget A,2,19.99,Northeast,Alice
1bb05fa5,2025-09-30,104,Service X,2,49.99,Northeast,Alice
2f7ff23d,2025-08-31,104,Service X,1,49.99,South,Charlie
81b6e40c,2025-07-22,102,Widget B,2,29.99,West,Charlie
df9ceb17,2025-10-21,102,Widget B,1,29.99,South,Alice
e1a7fd4f,2025-09-01,103,Widget C,5,9.99,Northeast,Alice
9fdf1b54,2025-10-01,101,Widget A,1,19.99,South,Dana
6b93432f,2025-09-19,104,Service X,3,49.99,West,Charlie
12986cac,2025-08-09,101,Widget A,1,19.99,Midwest,Dana
2215038b,2025-09-27,104,Service X,1,49.99,Northeast,Dana
fa2fd379,2025-08-03,103,Widget C,10,9.99,Northeast,Bob
acd151f8,2025-09-04,104,Service X,2,49.99,South,Alice
b7793105,2025-08-11,102,Widget B,1,29.99,Midwest,Charlie
f71390c6,2025-08-02,103,Widget C,1,9.99,Northeast,Charlie
ae906217,2025-09-05,104,Service X,10,49.99,South,Alice
9791cc71,2025-10-09,103,Widget C,3,9.99,South,Charlie
384517dc,2025-08-06,103,Widget C,3,9.99,Northeast,Bob
c2dd2485,2025-08-19,104,Service X,1,49.99,West,Alice
d6b671b6,2025-10-25,103,Widget C,1,9.99,West,Bob
b84e2b05,2025-09-12,103,Widget C,1,9.99,South,Dana
d9a49823,2025-11-09,104,Service X,2,49.99,Northeast,Alice
fb05a40d,2025-10-09,101,Widget A,3,19.99,Midwest,Dana
36515641,2025-09-23,103,Widget C,1,9.99,Midwest,Bob
52c77ce7,2025-11-15,101,Widget A,1,19.99,West,Dana
5e186bd6,2025-10-26,103,Widget C,10,9.99,West,Alice
177463b7,2025-09-19,101,Widget A,1,19.99,Northeast,Dana
0d052686,2025-09-14,104,Service X,3,49.99,South,Alice
df3704e5,2025-07-29,102,Widget B,1,29.99,South,Dana
2b6f7703,2025-07-24,101,Widget A,1,19.99,South,Alice
4a149083,2025-08-02,104,Service X,1,49.99,West,Bob
3c69cdb6,2025-09-19,101,Widget A,1,19.99,Northeast,Alice
40e4271d,2025-11-06,103,Widget C,1,9.99,Northeast,Alice
9b4695ba,2025-10-15,104,Service X,1,49.99,Midwest,Alice
7e817754,2025-09-18,101,Widget A,1,19.99,Midwest,Charlie
5fb2b904,2025-09-13,103,Widget C,5,9.99,South,Bob
d110cd70,2025-10-04,102,Widget B,1,29.99,West,Dana
3f5f7a81,2025-09-16,104,Service X,5,49.99,South,Bob
40e03d9e,2025-11-13,103,Widget C,1,9.99,Midwest,Charlie
31ea32b3,2025-10-25,101,Widget A,1,19.99,Northeast,Bob
41e3a4d5,2025-07-22,104,Service X,1,49.99,Northeast,Bob
edeb7539,2025-09-04,103,Widget C,3,9.99,South,Dana
8bf33280,2025-11-09,101,Widget A,1,19.99,South,Bob
b92fbe88,2025-10-09,102,Widget B,10,29.99,South,Dana
861b9b06,2025-10-26,102,Widget B,1,29.99,Northeast,Charlie
2afa2461,2025-10-16,101,Widget A,3,19.99,Northeast,Bob
62807b59,2025-07-30,101,Widget A,1,19.99,South,Dana
401ee024,2025-08-17,101,Widget A,1,19.99,Midwest,Dana
36a499c5,2025-08-30,101,Widget A,1,19.99,Northeast,Alice
e23b87e5,2025-07-30,103,Widget C,1,9.99,West,Charlie
33f2084d,2025-08-26,104,Service X,1,49.99,West,Bob
a361719c,2025-08-06,102,Widget B,10,29.99,West,Alice
e456f270,2025-08-16,101,Widget A,10,19.99,Midwest,Dana
83a70572,2025-09-02,104,Service X,1,49.99,South,Bob
8910de1a,2025-09-24,104,Service X,1,49.99,West,Charlie
2cf08a33,2025-10-04,101,Widget A,2,19.99,West,Charlie
df0caee5,2025-10-07,104,Service X,1,49.99,South,Charlie
5721ada6,2025-09-05,101,Widget A,1,19.99,Northeast,Alice
d5b90d1f,2025-09-10,102,Widget B,1,29.99,South,Bob
46b313bb,2025-09-17,103,Widget C,3,9.99,Northeast,Bob
cd94a437,2025-11-11,103,Widget C,3,9.99,Midwest,Dana
71cdc07a,2025-11-03,101,Widget A,2,19.99,South,Bob
c7902ae0,2025-10-27,102,Widget B,3,29.99,Northeast,Dana
06393be6,2025-08-27,102,Widget B,1,29.99,Midwest,Charlie
e897fc29,2025-11-09,101,Widget A,1,19.99,South,Bob
430e66df,2025-09-17,104,Service X,1,49.99,South,Dana
e8c7520b,2025-09-27,103,Widget C,2,9.99,Midwest,Alice
1f50611a,2025-10-23,102,Widget B,1,29.99,West,Charlie
299e643a,2025-10-21,101,Widget A,1,19.99,West,Dana
52f897ea,2025-10-23,104,Service X,1,49.99,South,Dana
405887d4,2025-08-05,104,Service X,1,49.99,Midwest,Bob
7940d3fc,2025-09-22,102,Widget B,1,29.99,South,Bob
1bf4281f,2025-09-07,102,Widget B,10,29.99,Northeast,Dana
d4e9e4c7,2025-08-24,103,Widget C,1,9.99,Northeast,Dana
2088c318,2025-07-26,101,Widget A,1,19.99,Midwest,Charlie
9b630ca2,2025-10-06,104,Service X,2,49.99,Midwest,Charlie
5c05ec78,2025-08-14,102,Widget B,1,29.99,Northeast,Dana
7d5425d2,2025-10-08,103,Widget C,1,9.99,South,Charlie
0fca4996,2025-11-15,101,Widget A,1,19.99,West,Dana
ccdb2172,2025-07-21,103,Widget C,1,9.99,Midwest,Charlie
115ea826,2025-08-15,103,Widget C,5,9.99,West,Dana
78cd9701,2025-10-19,101,Widget A,5,19.99,West,Alice
837b6900,2025-09-16,104,Service X,1,49.99,Northeast,Alice
65befbd1,2025-07-22,103,Widget C,1,9.99,West,Bob
1263486c,2025-08-03,102,Widget B,1,29.99,West,Alice
703dca9a,2025-08-13,104,Service X,1,49.99,South,Dana
1df4c8fd,2025-10-07,103,Widget C,10,9.99,Midwest,Alice
81b5346a,2025-08-05,101,Widget A,2,19.99,South,Charlie
201944bc,2025-09-03,102,Widget B,2,29.99,South,Alice
69c6a1f1,2025-09-21,104,Service X,1,49.99,West,Bob
12ab0905,2025-07-22,104,Service X,2,49.99,Northeast,Bob
37cbf3ef,2025-10-05,103,Widget C,1,9.99,West,Dana
3a866e00,2025-10-27,101,Widget A,1,19.99,Northeast,Dana
3227e99a,2025-09-20,102,Widget B,1,29.99,Northeast,Bob
476ec347,2025-10-15,104,Service X,1,49.99,Northeast,Alice
d0bf61ac,2025-09-29,101,Widget A,1,19.99,West,Bob
81d27ddf,2025-11-06,103,Widget C,1,9.99,West,Charlie
b04d3e2d,2025-09-02,101,Widget A,3,19.99,Midwest,Alice
35833be2,2025-07-27,103,Widget C,1,9.99,West,Alice
03174574,2025-08-05,104,Service X,10,49.99,West,Charlie
6cb0656b,2025-10-07,102,Widget B,1,29.99,West,Alice
043ee6f8,2025-10-01,104,Service X,1,49.99,West,Alice
ff5d9717,2025-07-21,101,Widget A,1,19.99,Northeast,Bob
2d741969,2025-08-21,101,Widget A,1,19.99,Midwest,Charlie
41905013,2025-09-23,102,Widget B,1,29.99,Midwest,Bob
36aac6fd,2025-11-10,103,Widget C,1,9.99,South,Dana
7b087dde,2025-09-06,104,Service X,1,49.99,South,Charlie
744dd00b,2025-07-25,101,Widget A,5,19.99,South,Charlie
d70059f6,2025-08-20,101,Widget A,2,19.99,West,Dana
e0783bd8,2025-09-07,104,Service X,2,49.99,Midwest,Charlie
c38da943,2025-07-26,103,Widget C,3,9.99,West,Bob
4d7c965a,2025-09-15,102,Widget B,1,29.99,South,Charlie
3d29b36b,2025-08-29,104,Service X,2,49.99,South,Bob
df5742ad,2025-11-14,104,Service X,1,49.99,Northeast,Alice
40f11647,2025-09-02,103,Widget C,1,9.99,South,Bob
ced40bb3,2025-10-27,101,Widget A,1,19.99,South,Alice
334bd31f,2025-09-12,104,Service X,1,49.99,Midwest,Bob
ba598e14,2025-08-06,103,Widget C,1,9.99,West,Dana
f1d49bcb,2025-11-01,103,Widget C,1,9.99,Midwest,Charlie
6d2fb1ee,2025-08-23,101,Widget A,1,19.99,South,Charlie
44af5907,2025-10-24,103,Widget C,1,9.99,Midwest,Alice
c9ac1b76,2025-08-19,102,Widget B,2,29.99,West,Alice
9e30cc86,2025-07-23,104,Service X,1,49.99,West,Dana
8b4ab35f,2025-08-12,102,Widget B,3,29.99,West,Alice
82d13dc6,2025-08-24,102,Widget B,2,29.99,West,Dana
bcfa8824,2025-09-23,103,Widget C,5,9.99,Midwest,Charlie
e1d3482a,2025-08-30,103,Widget C,1,9.99,Midwest,Alice
0114fa38,2025-07-31,103,Widget C,1,9.99,West,Alice
57c2c249,2025-08-03,101,Widget A,1,19.99,West,Dana
4d90cf32,2025-11-08,102,Widget B,1,29.99,West,Bob
068d72f1,2025-10-05,102,Widget B,1,29.99,Northeast,Bob
cffefb05,2025-11-05,101,Widget A,1,19.99,West,Alice
3a891128,2025-11-07,102,Widget B,1,29.99,Northeast,Dana
ee8869d2,2025-07-21,103,Widget C,1,9.99,South,Alice
95fe1902,2025-08-16,102,Widget B,3,29.99,Northeast,Charlie
166d3db9,2025-09-22,104,Service X,1,49.99,West,Alice
5fa2831c,2025-08-11,103,Widget C,1,9.99,Midwest,Charlie
5e2e0302,2025-11-14,102,Widget B,1,29.99,Northeast,Bob
6eb61156,2025-10-03,102,Widget B,1,29.99,Northeast,Dana
27c066f6,2025-07-27,103,Widget C,5,9.99,Northeast,Dana
28cc98d8,2025-11-14,104,Service X,1,49.99,South,Alice
9e700711,2025-09-04,101,Widget A,1,19.99,Northeast,Alice
c198a55f,2025-11-16,104,Service X,1,49.99,South,Charlie
087fffa9,2025-07-25,104,Service X,1,49.99,West,Bob
870c1311,2025-10-05,102,Widget B,1,29.99,Northeast,Dana
88e3d698,2025-08-14,101,Widget A,1,19.99,South,Bob
f9ab2f47,2025-10-28,101,Widget A,1,19.99,Northeast,Alice
006014ab,2025-09-08,102,Widget B,1,29.99,West,Alice
1a615cd5,2025-11-10,104,Service X,1,49.99,Midwest,Bob
75d79dd2,2025-10-16,102,Widget B,10,29.99,South,Charlie
3c1d4515,2025-09-13,103,Widget C,1,9.99,South,Dana
a15b6111,2025-08-26,104,Service X,1,49.99,Midwest,Alice
3e1d9828,2025-09-09,104,Service X,5,49.99,West,Charlie
586dca91,2025-07-27,102,Widget B,1,29.99,South,Dana
103918a7,2025-08-17,104,Service X,1,49.99,South,Bob
3752347d,2025-09-04,102,Widget B,1,29.99,South,Bob
a61902dd,2025-08-31,102,Widget B,1,29.99,Midwest,Alice
47385986,2025-08-14,104,Service X,3,49.99,Northeast,Dana
de911b7a,2025-10-18,104,Service X,2,49.99,West,Alice
ef1b8f83,2025-07-20,103,Widget C,5,9.99,Midwest,Alice
40913082,2025-09-05,101,Widget A,1,19.99,Midwest,Dana
d01a6240,2025-09-23,102,Widget B,1,29.99,South,Alice
636a6a7a,2025-08-21,101,Widget A,10,19.99,Northeast,Alice
5f8d51d0,2025-11-13,101,Widget A,1,19.99,South,Dana
e2091232,2025-10-25,101,Widget A,2,19.99,West,Bob
371b7155,2025-08-07,102,Widget B,5,29.99,Northeast,Alice
bbb7e17d,2025-08-11,103,Widget C,3,9.99,Northeast,Dana
ac8d2c02,2025-09-11,103,Widget C,1,9.99,South,Alice
74028495,2025-10-03,102,Widget B,1,29.99,Northeast,Charlie
a60c09bf,2025-09-17,101,Widget A,1,19.99,Northeast,Dana
5d544208,2025-11-09,103,Widget C,1,9.99,Midwest,Charlie
3980c602,2025-10-26,104,Service X,1,49.99,Midwest,Bob
5b252011,2025-09-03,101,Widget A,1,19.99,Midwest,Dana
ed3977c1,2025-09-05,102,Widget B,1,29.99,Northeast,Alice
4872e0c5,2025-08-14,101,Widget A,1,19.99,Midwest,Dana
0372b62c,2025-08-25,103,Widget C,1,9.99,South,Charlie
98f2568b,2025-09-05,103,Widget C,2,9.99,Midwest,Dana
428c29a6,2025-08-31,101,Widget A,3,19.99,South,Charlie
5b798aa7,2025-10-07,103,Widget C,1,9.99,South,Alice
fcc96218,2025-08-24,103,Widget C,1,9.99,West,Alice
d9b509be,2025-08-01,102,Widget B,1,29.99,Midwest,Alice
3b41bd7e,2025-09-25,104,Service X,1,49.99,Midwest,Charlie
f6df9208,2025-08-17,103,Widget C,1,9.99,West,Dana
6c6588ea,2025-11-02,104,Service X,2,49.99,Midwest,Alice
a9e8eb27,2025-10-04,104,Service X,3,49.99,Midwest,Charlie
73345a6a,2025-07-26,103,Widget C,3,9.99,South,Alice
b49c695c,2025-08-19,103,Widget C,1,9.99,Northeast,Bob
a4e6a309,2025-09-18,102,Widget B,5,29.99,West,Dana
47cc730b,2025-11-14,103,Widget C,2,9.99,West,Dana
9e30e26e,2025-09-02,102,Widget B,1,29.99,Northeast,Charlie
e67f592b,2025-08-10,102,Widget B,1,29.99,West,Alice
1e1fb8e7,2025-08-14,101,Widget A,1,19.99,West,Bob
29b94a3a,2025-08-30,104,Service X,2,49.99,Northeast,Bob
8d6d6df9,2025-10-18,101,Widget A,1,19.99,West,Charlie
6e316f1c,2025-10-27,104,Service X,1,49.99,Northeast,Bob
b30f4e2e,2025-08-07,104,Service X,1,49.99,South,Bob
717949fe,2025-09-26,103,Widget C,1,9.99,West,Bob
6a48158d,2025-08-21,103,Widget C,1,9.99,Midwest,Dana
6622d5dd,2025-08-25,103,Widget C,1,9.99,South,Dana
492c8442,2025-07-30,102,Widget B,1,29.99,Northeast,Alice
08b1ddd0,2025-09-14,102,Widget B,1,29.99,West,Charlie
61ebf277,2025-07-26,101,Widget A,1,19.99,Midwest,Bob
d3e48f9c,2025-08-27,101,Widget A,1,19.99,South,Dana
cac69404,2025-09-17,102,Widget B,1,29.99,Midwest,Bob
25848552,2025-08-30,104,Service X,1,49.99,Midwest,Dana
2770b9e8,2025-10-31,101,Widget A,3,19.99,South,Alice
fa424fe5,2025-07-27,101,Widget A,1,19.99,Northeast,Charlie
ed12895f,2025-09-25,101,Widget A,1,19.99,Midwest,Dana
e5045653,2025-07-24,104,Service X,1,49.99,Northeast,Dana
689a5665,2025-10-29,104,Service X,1,49.99,Midwest,Dana
d4469f99,2025-09-15,103,Widget C,1,9.99,Midwest,Charlie
b1e7476d,2025-09-01,102,Widget B,1,29.99,South,Bob
ff1f6927,2025-10-14,102,Widget B,1,29.99,Midwest,Dana
35874de8,2025-09-15,104,Service X,10,49.99,Northeast,Charlie
58b51c64,2025-09-04,101,Widget A,1,19.99,Midwest,Bob
e4f82678,2025-08-18,101,Widget A,3,19.99,West,Alice
e342c3c0,2025-08-04,104,Service X,10,49.99,South,Dana
85b29f1c,2025-08-18,101,Widget A,1,19.99,South,Dana
1056bce6,2025-11-14,101,Widget A,2,19.99,West,Dana
cd1d6644,2025-09-22,101,Widget A,1,19.99,West,Bob
8cfc98f7,2025-08-10,102,Widget B,2,29.99,West,Alice
413078c3,2025-11-13,104,Service X,1,49.99,West,Bob
8abbd266,2025-08-02,104,Service X,1,49.99,Midwest,Alice
c2cd2ac1,2025-09-23,101,Widget A,1,19.99,South,Alice
40acbda8,2025-09-30,101,Widget A,1,19.99,West,Bob
57766efe,2025-08-11,102,Widget B,1,29.99,South,Bob
f769fb75,2025-08-23,102,Widget B,1,29.99,Midwest,Dana
b4cee48d,2025-10-28,104,Service X,1,49.99,South,Alice
31b83eda,2025-08-30,102,Widget B,2,29.99,South,Bob
3bc365f2,2025-10-15,102,Widget B,3,29.99,Midwest,Charlie
44dbe54b,2025-10-07,103,Widget C,1,9.99,Northeast,Charlie
e64d9a96,2025-08-09,103,Widget C,1,9.99,Midwest,Charlie
69f504fe,2025-10-09,102,Widget B,10,29.99,West,Bob
9d376aea,2025-08-13,102,Widget B,1,29.99,Midwest,Alice
5694406e,2025-08-24,103,Widget C,1,9.99,Midwest,Dana
71c03dc8,2025-09-11,102,Widget B,1,29.99,South,Charlie
cf7d8cc6,2025-08-29,102,Widget B,1,29.99,Northeast,Bob
6693b9c7,2025-07-27,101,Widget A,1,19.99,Northeast,Charlie
369d4ff1,2025-09-25,101,Widget A,1,19.99,West,Dana
a596e3af,2025-10-23,104,Service X,1,49.99,Midwest,Dana
44b0e8f3,2025-08-06,101,Widget A,1,19.99,Midwest,Dana
03c8519e,2025-10-20,103,Widget C,1,9.99,West,Charlie
65080690,2025-10-10,103,Widget C,1,9.99,South,Bob
1ee33ee9,2025-07-29,101,Widget A,1,19.99,South,Bob
b4ef8be5,2025-08-19,104,Service X,1,49.99,South,Charlie
86e581f9,2025-07-28,103,Widget C,1,9.99,West,Bob
49126cc6,2025-11-06,103,Widget C,1,9.99,West,Dana
ed21d1bb,2025-10-24,104,Service X,1,49.99,West,Alice
91d9d2d0,2025-10-28,103,Widget C,1,9.99,Northeast,Dana
1575cd53,2025-08-24,104,Service X,3,49.99,Midwest,Charlie
588ea2d4,2025-10-28,104,Service X,1,49.99,West,Alice
d5c31d80,2025-10-26,103,Widget C,1,9.99,Midwest,Bob
64128863,2025-09-28,101,Widget A,1,19.99,Northeast,Bob
4110b051,2025-09-12,102,Widget B,1,29.99,Northeast,Bob
9098ffc6,2025-10-29,103,Widget C,1,9.99,South,Bob
ae90f8d7,2025-11-16,103,Widget C,1,9.99,Northeast,Alice
442f20a6,2025-10-17,102,Widget B,1,29.99,Northeast,Bob
1aef6875,2025-10-28,101,Widget A,1,19.99,Northeast,Charlie
b462c880,2025-11-09,104,Service X,1,49.99,Northeast,Dana
c6c41700,2025-09-12,101,Widget A,1,19.99,West,Bob
a3023673,2025-09-09,104,Service X,2,49.99,West,Charlie
fe14b716,2025-11-01,101,Widget A,1,19.99,Midwest,Bob
7a0d9de1,2025-08-09,102,Widget B,3,29.99,Northeast,Dana
b7588523,2025-08-05,104,Service X,1,49.99,Northeast,Bob
7b8e2f59,2025-09-17,104,Service X,1,49.99,Midwest,Bob
fe40378f,2025-09-15,104,Service X,5,49.99,Northeast,Dana
58c1fcec,2025-10-02,103,Widget C,1,9.99,South,Bob
79ffe5d5,2025-09-29,101,Widget A,1,19.99,West,Charlie
a01b8011,2025-10-15,101,Widget A,1,19.99,West,Dana
b24ec415,2025-09-22,103,Widget C,1,9.99,Northeast,Dana
4c57169b,2025-10-14,103,Widget C,1,9.99,South,Dana
e7bb9c53,2025-10-26,104,Service X,1,49.99,West,Alice
957d65c8,2025-10-31,102,Widget B,1,29.99,West,Charlie
566dccba,2025-09-09,103,Widget C,5,9.99,South,Dana
d9f4fefe,2025-09-08,103,Widget C,1,9.99,Northeast,Bob
0cb51481,2025-11-14,104,Service X,1,49.99,Midwest,Bob
0d0e5e02,2025-11-07,104,Service X,1,49.99,Northeast,Charlie
14455351,2025-07-27,104,Service X,1,49.99,Northeast,Bob
a066dda3,2025-10-06,102,Widget B,1,29.99,West,Bob
5e353721,2025-09-25,102,Widget B,1,29.99,Northeast,Bob
3ca61994,2025-11-15,102,Widget B,3,29.99,Midwest,Alice
b255769e,2025-08-24,104,Service X,1,49.99,Midwest,Bob
987829ac,2025-08-01,101,Widget A,5,19.99,West,Dana
cc381777,2025-08-20,104,Service X,1,49.99,Midwest,Charlie
8f4c9e93,2025-08-05,104,Service X,1,49.99,Northeast,Alice
c2afb3bb,2025-10-31,103,Widget C,1,9.99,Midwest,Alice
d8804afd,2025-11-10,102,Widget B,1,29.99,West,Alice
783bc5f0,2025-09-01,104,Service X,1,49.99,Northeast,Dana
01b72619,2025-08-09,103,Widget C,1,9.99,Midwest,Charlie
712225c9,2025-08-27,101,Widget A,1,19.99,South,Bob
8d19a219,2025-08-09,101,Widget A,1,19.99,Midwest,Dana
d72f3b99,2025-09-03,104,Service X,1,49.99,South,Dana
558151c6,2025-10-23,103,Widget C,1,9.99,Midwest,Charlie
05487f96,2025-10-16,102,Widget B,1,29.99,Northeast,Bob
c68930a7,2025-07-21,101,Widget A,1,19.99,West,Charlie
f6ef585b,2025-09-07,103,Widget C,1,9.99,South,Dana
63bbea5e,2025-09-01,101,Widget A,1,19.99,Northeast,Alice
09891b1f,2025-10-24,104,Service X,1,49.99,Midwest,Charlie
50658e80,2025-08-11,101,Widget A,1,19.99,West,Charlie
b17b70b0,2025-08-13,104,Service X,1,49.99,West,Bob
03eac481,2025-09-15,104,Service X,2,49.99,West,Alice
c631403a,2025-07-22,101,Widget A,1,19.99,South,Dana
4d3961b3,2025-09-21,102,Widget B,1,29.99,Northeast,Bob
8dd1a15a,2025-08-09,104,Service X,2,49.99,South,Charlie
24a8c824,2025-09-23,101,Widget A,1,19.99,Northeast,Dana
d4cadef0,2025-08-24,102,Widget B,3,29.99,Midwest,Bob
7e7cbba6,2025-07-31,101,Widget A,1,19.99,Northeast,Bob
7aa455cd,2025-09-10,101,Widget A,1,19.99,West,Charlie
367c12db,2025-10-22,103,Widget C,1,9.99,South,Alice
1d9745af,2025-09-15,104,Service X,1,49.99,West,Dana
4a4391cd,2025-07-29,104,Service X,1,49.99,Midwest,Alice
1f1d4d58,2025-10-29,101,Widget A,1,19.99,South,Alice
6d551db7,2025-10-01,102,Widget B,1,29.99,West,Alice
d5ff18a8,2025-09-02,104,Service X,1,49.99,South,Dana
77f80f3d,2025-10-20,102,Widget B,2,29.99,Northeast,Dana
bfa06f01,2025-09-15,103,Widget C,2,9.99,West,Bob
96ec32f0,2025-08-12,102,Widget B,1,29.99,South,Charlie
bd20de28,2025-09-17,104,Service X,1,49.99,South,Bob
5fc40e19,2025-10-10,102,Widget B,1,29.99,West,Bob
267df4fd,2025-09-15,102,Widget B,1,29.99,West,Dana
4e2f6e07,2025-08-07,104,Service X,1,49.99,Midwest,Charlie
45d97d81,2025-11-09,103,Widget C,1,9.99,South,Dana
cd593256,2025-11-09,103,Widget C,2,9.99,South,Charlie
95f31480,2025-09-14,104,Service X,1,49.99,Northeast,Alice
5302ed64,2025-09-27,104,Service X,1,49.99,South,Charlie
60845e9e,2025-08-03,102,Widget B,10,29.99,West,Charlie
e63d0406,2025-10-30,101,Widget A,5,19.99,Northeast,Alice
b69087bf,2025-11-12,101,Widget A,10,19.99,South,Alice
e3f0519e,2025-11-03,101,Widget A,1,19.99,Midwest,Alice
165799b2,2025-09-27,101,Widget A,5,19.99,South,Alice
e93cab0b,2025-08-07,102,Widget B,3,29.99,Midwest,Charlie
2c3f5497,2025-09-26,101,Widget A,1,19.99,West,Alice
72c3ff73,2025-08-09,102,Widget B,5,29.99,West,Bob
f8b70cd3,2025-10-17,104,Service X,1,49.99,South,Bob
920b36d4,2025-08-23,101,Widget A,2,19.99,West,Bob
354cc150,2025-08-29,102,Widget B,1,29.99,West,Dana
4bfea26d,2025-09-14,103,Widget C,5,9.99,Northeast,Dana
863e63a5,2025-10-12,102,Widget B,1,29.99,Midwest,Bob
2f05f2da,2025-10-13,104,Service X,1,49.99,South,Dana
55492791,2025-08-02,104,Service X,10,49.99,West,Bob
73c713c6,2025-10-22,102,Widget B,3,29.99,Midwest,Dana
d3edb7df,2025-09-30,101,Widget A,3,19.99,South,Dana
f8a7d042,2025-10-09,102,Widget B,1,29.99,Northeast,Dana
011a28e2,2025-09-07,101,Widget A,2,19.99,Midwest,Charlie
9b41fc28,2025-08-03,102,Widget B,2,29.99,South,Dana
44cc00b1,2025-10-15,103,Widget C,3,9.99,Northeast,Bob
cf50e6ba,2025-08-14,104,Service X,2,49.99,Midwest,Alice
1d43375e,2025-08-25,102,Widget B,10,29.99,Northeast,Charlie
e3041252,2025-10-14,102,Widget B,1,29.99,Northeast,Charlie
6dee6f2f,2025-11-11,101,Widget A,5,19.99,West,Alice
bea92b2b,2025-09-18,101,Widget A,1,19.99,Northeast,Dana
38d6c937,2025-11-02,101,Widget A,3,19.99,South,Alice
9ac7196c,2025-10-08,104,Service X,1,49.99,Midwest,Dana
10a8cbef,2025-09-15,103,Widget C,1,9.99,Midwest,Alice
909fa686,2025-08-05,102,Widget B,1,29.99,Midwest,Bob
965229ef,2025-09-22,102,Widget B,1,29.99,Midwest,Bob
70d4ae52,2025-11-08,101,Widget A,1,19.99,Midwest,Dana
af7151d7,2025-11-08,103,Widget C,1,9.99,Midwest,Dana
df42973f,2025-10-15,103,Widget C,1,9.99,West,Charlie
cb952877,2025-07-29,103,Widget C,1,9.99,South,Alice
d4d6c0d5,2025-09-21,104,Service X,1,49.99,West,Bob
c3f416f8,2025-09-25,102,Widget B,2,29.99,South,Dana
7f71c900,2025-10-31,101,Widget A,1,19.99,West,Dana
442419bf,2025-08-02,103,Widget C,5,9.99,West,Bob
efdd16a6,2025-08-16,102,Widget B,1,29.99,Midwest,Alice
d98640f2,2025-11-16,102,Widget B,1,29.99,West,Alice
98f596ec,2025-08-30,104,Service X,2,49.99,South,Dana
54e28dc2,2025-08-11,101,Widget A,1,19.99,South,Charlie
b025d47f,2025-09-26,103,Widget C,1,9.99,West,Bob
a3d1e5e2,2025-07-27,104,Service X,1,49.99,Northeast,Dana
16b6aa84,2025-10-28,101,Widget A,1,19.99,Northeast,Charlie
648a4808,2025-08-03,104,Service X,3,49.99,Midwest,Bob
f24ec030,2025-09-17,104,Service X,1,49.99,Midwest,Charlie
6b3d0664,2025-10-07,103,Widget C,1,9.99,South,Bob
be98ab99,2025-11-03,104,Service X,1,49.99,West,Alice
aade605d,2025-11-15,104,Service X,1,49.99,West,Dana
769856fc,2025-09-05,103,Widget C,1,9.99,Midwest,Bob
65459f34,2025-11-06,102,Widget B,3,29.99,Northeast,Dana
1935f02f,2025-07-30,102,Widget B,1,29.99,Northeast,Charlie
bcd4da9f,2025-11-05,103,Widget C,1,9.99,Midwest,Alice
0f1899e7,2025-08-22,104,Service X,10,49.99,Midwest,Charlie
7587a30f,2025-09-16,103,Widget C,1,9.99,Northeast,Alice
be765821,2025-07-22,101,Widget A,1,19.99,West,Bob
a6367638,2025-08-14,102,Widget B,1,29.99,South,Alice
d1cf4440,2025-10-19,101,Widget A,1,19.99,Midwest,Bob
04c4a1c2,2025-07-25,103,Widget C,2,9.99,Northeast,Charlie
ade353ce,2025-09-23,103,Widget C,1,9.99,Northeast,Alice
9208403e,2025-10-15,102,Widget B,2,29.99,West,Dana
ad97c7f5,2025-08-18,102,Widget B,1,29.99,West,Dana
3755ac85,2025-10-17,102,Widget B,2,29.99,South,Dana
e7ce07b5,2025-08-22,101,Widget A,2,19.99,Midwest,Bob
7cc6e26a,2025-10-02,101,Widget A,1,19.99,West,Bob
66613679,2025-08-05,101,Widget A,2,19.99,Midwest,Charlie
24daf4ed,2025-10-18,103,Widget C,1,9.99,Northeast,Dana
39c7492e,2025-08-22,102,Widget B,1,29.99,West,Dana
62df9dc0,2025-09-04,103,Widget C,1,9.99,West,Dana
c6ebcd7f,2025-07-20,104,Service X,1,49.99,West,Charlie
6abda8f6,2025-09-24,104,Service X,3,49.99,South,Bob
15be5a14,2025-08-03,103,Widget C,1,9.99,Northeast,Alice
9044ba53,2025-09-10,102,Widget B,2,29.99,West,Dana
8db56c7c,2025-08-05,103,Widget C,2,9.99,West,Alice
53c0a8e7,2025-10-06,102,Widget B,1,29.99,Midwest,Charlie
30dff278,2025-10-18,103,Widget C,1,9.99,Midwest,Dana
f336cb5e,2025-09-03,102,Widget B,1,29.99,Northeast,Dana
44906ddc,2025-09-19,103,Widget C,1,9.99,South,Bob
56b28cb8,2025-10-11,101,Widget A,1,19.99,West,Bob
1d888ca9,2025-08-14,102,Widget B,1,29.99,West,Alice
4f2dddaa,2025-10-10,102,Widget B,5,29.99,Midwest,Charlie
60c0f84a,2025-09-30,104,Service X,1,49.99,South,Bob
9c503ec3,2025-09-20,101,Widget A,1,19.99,South,Alice
6600d706,2025-08-07,103,Widget C,1,9.99,West,Bob
5ab7b19c,2025-09-10,101,Widget A,1,19.99,Northeast,Bob
00e6d98e,2025-07-28,104,Service X,1,49.99,West,Alice
98589c76,2025-08-02,103,Widget C,1,9.99,Northeast,Charlie
dc2e7254,2025-10-05,102,Widget B,1,29.99,South,Dana
db854c70,2025-10-19,104,Service X,3,49.99,Northeast,Bob
058fc6a6,2025-10-13,101,Widget A,10,19.99,South,Charlie
45b94368,2025-08-04,101,Widget A,3,19.99,West,Bob
65d317c2,2025-07-31,103,Widget C,1,9.99,Midwest,Bob
32a11dda,2025-10-12,103,Widget C,1,9.99,West,Dana
c4dfb95a,2025-10-28,103,Widget C,1,9.99,Northeast,Alice
24605f44,2025-09-30,101,Widget A,1,19.99,South,Alice
66409545,2025-10-25,104,Service X,5,49.99,West,Alice
ac4521a9,2025-10-14,103,Widget C,1,9.99,Midwest,Dana
eb487ae1,2025-09-03,103,Widget C,1,9.99,South,Bob
e69827c8,2025-09-09,101,Widget A,1,19.99,Northeast,Charlie
6008e6da,2025-08-26,104,Service X,2,49.99,South,Dana
0dd99b4f,2025-09-12,103,Widget C,1,9.99,West,Bob
8f0105a5,2025-10-03,101,Widget A,10,19.99,West,Bob
34aa8527,2025-10-15,102,Widget B,1,29.99,Northeast,Alice
af03bf3a,2025-09-29,103,Widget C,1,9.99,Midwest,Alice
784b3abd,2025-10-09,101,Widget A,1,19.99,Midwest,Bob
fe969a7b,2025-08-15,104,Service X,1,49.99,Midwest,Alice
2045c494,2025-09-14,101,Widget A,1,19.99,South,Dana
3aba67d2,2025-08-02,103,Widget C,1,9.99,West,Dana
79472464,2025-09-06,101,Widget A,1,19.99,Northeast,Bob
00cbd076,2025-11-09,102,Widget B,3,29.99,West,Dana
fa9761e6,2025-10-24,102,Widget B,1,29.99,Northeast,Alice
bd33744a,2025-09-21,102,Widget B,1,29.99,Midwest,Bob
d289e4a9,2025-11-01,101,Widget A,2,19.99,Northeast,Alice
01d73e55,2025-08-05,104,Service X,1,49.99,South,Charlie
82220137,2025-09-12,101,Widget A,1,19.99,West,Charlie
16b68c7d,2025-11-06,103,Widget C,1,9.99,South,Bob
402b237c,2025-09-02,101,Widget A,1,19.99,South,Dana
dcb54aab,2025-09-29,104,Service X,1,49.99,Northeast,Dana
8e6fc3ef,2025-09-18,104,Service X,1,49.99,Midwest,Charlie
8a8be157,2025-10-19,102,Widget B,2,29.99,Northeast,Charlie
1cf88746,2025-09-03,103,Widget C,2,9.99,South,Charlie
d73f2def,2025-09-06,103,Widget C,3,9.99,Midwest,Bob
f8e0cc02,2025-09-25,102,Widget B,2,29.99,West,Bob
b1c952d1,2025-10-28,103,Widget C,1,9.99,West,Dana
f2e105d4,2025-11-09,101,Widget A,1,19.99,South,Charlie
bb911f4d,2025-08-29,103,Widget C,1,9.99,Northeast,Alice
235c577f,2025-10-01,102,Widget B,3,29.99,Northeast,Bob
43d99dfc,2025-08-02,102,Widget B,1,29.99,Northeast,Alice
2d46d5b1,2025-08-27,104,Service X,1,49.99,Midwest,Charlie
9aafc404,2025-11-13,102,Widget B,1,29.99,South,Dana
f15a418d,2025-10-21,104,Service X,3,49.99,Northeast,Bob
37c69380,2025-07-31,103,Widget C,1,9.99,South,Alice
c49238ad,2025-10-06,102,Widget B,5,29.99,Midwest,Alice
e4587cfc,2025-10-22,101,Widget A,2,19.99,Northeast,Bob
957164c2,2025-08-16,101,Widget A,1,19.99,Midwest,Dana
533d1540,2025-10-26,101,Widget A,1,19.99,Northeast,Bob
c2eac318,2025-08-18,104,Service X,1,49.99,West,Charlie
6b5f7a03,2025-09-24,104,Service X,1,49.99,Northeast,Charlie
d17e34f4,2025-08-11,104,Service X,3,49.99,West,Bob
15a4b555,2025-09-14,102,Widget B,2,29.99,Northeast,Dana
62400ceb,2025-08-27,102,Widget B,1,29.99,Northeast,Charlie
cd25b4f0,2025-09-25,101,Widget A,3,19.99,Northeast,Charlie
fe8d98b0,2025-08-08,103,Widget C,1,9.99,West,Bob
7b66a814,2025-10-19,103,Widget C,1,9.99,South,Charlie
5bd6042a,2025-07-30,101,Widget A,1,19.99,West,Alice
3dfe2414,2025-07-27,102,Widget B,3,29.99,West,Dana
49ac842a,2025-10-29,101,Widget A,1,19.99,Northeast,Alice
9359d136,2025-09-07,101,Widget A,1,19.99,West,Charlie
b739d06a,2025-09-24,103,Widget C,1,9.99,Midwest,Charlie
ec821788,2025-09-03,102,Widget B,5,29.99,South,Bob
d566d40c,2025-09-08,102,Widget B,1,29.99,Northeast,Charlie
babf82eb,2025-11-13,102,Widget B,1,29.99,Midwest,Alice
3a9dcdb5,2025-08-25,102,Widget B,1,29.99,South,Charlie
d7ccff2e,2025-07-25,104,Service X,10,49.99,Northeast,Alice
e8b4781c,2025-08-17,101,Widget A,1,19.99,Midwest,Dana
77a491c5,2025-08-05,101,Widget A,10,19.99,Midwest,Dana
acdbc998,2025-09-26,101,Widget A,1,19.99,Northeast,Bob
cc5167a3,2025-11-05,102,Widget B,1,29.99,South,Charlie
9f7a5ff7,2025-07-22,102,Widget B,3,29.99,Northeast,Charlie
ea82f3eb,2025-11-09,101,Widget A,1,19.99,West,Alice
3f34b8b6,2025-09-01,103,Widget C,1,9.99,South,Alice
c9772c9e,2025-10-19,103,Widget C,1,9.99,South,Alice
de19cdb1,2025-11-07,102,Widget B,1,29.99,South,Alice
b1f54d4f,2025-08-05,103,Widget C,3,9.99,West,Bob
09090800,2025-08-12,102,Widget B,1,29.99,South,Alice
c4327eac,2025-07-27,104,Service X,3,49.99,Northeast,Dana
e44ad148,2025-11-14,103,Widget C,1,9.99,South,Alice
e2affecd,2025-10-25,103,Widget C,1,9.99,South,Dana
b07b2d79,2025-11-14,101,Widget A,2,19.99,South,Dana
968e343f,2025-07-24,101,Widget A,1,19.99,Northeast,Bob
d570c9c1,2025-07-31,102,Widget B,1,29.99,South,Bob
ecfd4417,2025-09-05,104,Service X,1,49.99,West,Bob
7662a9ce,2025-09-12,102,Widget B,1,29.99,South,Alice
010fbfc8,2025-09-19,104,Service X,1,49.99,South,Charlie
add03cf1,2025-09-21,101,Widget A,1,19.99,Northeast,Charlie
f7dc58f9,2025-09-10,102,Widget B,1,29.99,West,Charlie
df3c7cf9,2025-09-04,103,Widget C,1,9.99,South,Alice
64464f21,2025-08-23,104,Service X,10,49.99,West,Dana
5bbbca3a,2025-09-02,101,Widget A,1,19.99,Northeast,Dana
d59c5ed2,2025-09-29,103,Widget C,1,9.99,South,Charlie
41bbdd27,2025-09-26,101,Widget A,10,19.99,Northeast,Charlie
a0d1aec4,2025-11-15,104,Service X,2,49.99,Midwest,Alice
236cf5b6,2025-10-13,103,Widget C,3,9.99,Midwest,Bob
5d97f0e8,2025-09-21,102,Widget B,1,29.99,West,Bob
ba5449ca,2025-08-29,104,Service X,2,49.99,Midwest,Alice
1f147fb5,2025-10-21,103,Widget C,10,9.99,Midwest,Dana
ee36c7ac,2025-08-14,101,Widget A,1,19.99,Midwest,Charlie
6220cc5f,2025-09-24,101,Widget A,1,19.99,Northeast,Alice
668661b9,2025-08-03,101,Widget A,1,19.99,West,Alice
b0837419,2025-09-17,104,Service X,2,49.99,Northeast,Dana
aee0e0e8,2025-08-23,102,Widget B,1,29.99,South,Alice
e7acf57f,2025-08-22,102,Widget B,1,29.99,West,Bob
2c205e82,2025-10-22,102,Widget B,1,29.99,West,Charlie
cf05805e,2025-08-02,104,Service X,1,49.99,West,Bob
e9c1d5c6,2025-09-02,101,Widget A,1,19.99,Midwest,Dana
3fc9194a,2025-09-23,104,Service X,1,49.99,Midwest,Bob
58a7b443,2025-08-04,102,Widget B,1,29.99,Midwest,Bob
9712d781,2025-08-01,104,Service X,1,49.99,West,Bob
21884234,2025-08-27,103,Widget C,2,9.99,Midwest,Dana
2e8ca522,2025-09-12,103,Widget C,1,9.99,South,Alice
e5eef03f,2025-08-27,101,Widget A,1,19.99,Midwest,Alice
83ca2afa,2025-08-01,101,Widget A,1,19.99,South,Alice
f18c5284,2025-08-13,102,Widget B,1,29.99,South,Charlie
dc1476a0,2025-08-20,102,Widget B,1,29.99,West,Dana
ea24d183,2025-09-11,104,Service X,1,49.99,Midwest,Bob
60e8d1bc,2025-09-07,104,Service X,1,49.99,Northeast,Dana
5031c2cf,2025-10-06,102,Widget B,1,29.99,West,Alice
0b4adfd4,2025-09-16,103,Widget C,2,9.99,West,Charlie
65727ae2,2025-08-19,102,Widget B,3,29.99,West,Bob
2fea897c,2025-10-02,101,Widget A,2,19.99,South,Alice
2ec7225d,2025-10-22,101,Widget A,1,19.99,Midwest,Bob
b382e16b,2025-10-23,102,Widget B,2,29.99,South,Dana
213c164e,2025-09-07,104,Service X,1,49.99,Northeast,Dana
89e45a8a,2025-09-21,101,Widget A,5,19.99,Northeast,Alice
758ff84e,2025-11-03,103,Widget C,1,9.99,Midwest,Dana
2e660f06,2025-09-25,104,Service X,5,49.99,South,Alice
f8d2fd59,2025-10-10,101,Widget A,1,19.99,West,Dana
1a464fed,2025-09-08,101,Widget A,1,19.99,South,Bob
de37402e,2025-08-17,101,Widget A,5,19.99,Northeast,Dana
bb6c1f30,2025-09-12,102,Widget B,1,29.99,Northeast,Alice
b491a427,2025-11-03,101,Widget A,1,19.99,West,Dana
387a1fdb,2025-07-30,101,Widget A,1,19.99,Northeast,Bob
ca001f24,2025-09-30,101,Widget A,1,19.99,South,Dana
314b5e91,2025-08-25,102,Widget B,1,29.99,Midwest,Dana
b7de1453,2025-10-30,104,Service X,3,49.99,South,Charlie
fc60e850,2025-11-08,102,Widget B,1,29.99,South,Dana
8821472c,2025-11-01,104,Service X,3,49.99,Northeast,Bob
c8f110c9,2025-10-28,101,Widget A,1,19.99,Midwest,Dana
a3bb1b6c,2025-07-28,101,Widget A,3,19.99,Midwest,Dana
275d8548,2025-10-13,101,Widget A,2,19.99,South,Alice
2c695a3b,2025-11-05,102,Widget B,1,29.99,West,Charlie
cbeefa61,2025-08-24,102,Widget B,2,29.99,Midwest,Dana
fd9a5cb3,2025-09-01,101,Widget A,1,19.99,Midwest,Bob
b3e3f849,2025-09-22,104,Service X,1,49.99,South,Charlie
4554ab66,2025-08-01,101,Widget A,3,19.99,Midwest,Bob
c6c3383e,2025-09-10,104,Service X,1,49.99,Midwest,Bob
c8f5c8db,2025-08-01,101,Widget A,5,19.99,Midwest,Bob
eabd1de1,2025-10-08,104,Service X,5,49.99,South,Alice
b8d4fc3c,2025-07-22,103,Widget C,1,9.99,West,Bob
4d023e18,2025-11-12,104,Service X,2,49.99,Northeast,Dana
84f224ea,2025-09-17,102,Widget B,1,29.99,West,Charlie
7d811902,2025-08-16,104,Service X,2,49.99,West,Dana
155b41c8,2025-09-15,104,Service X,1,49.99,Northeast,Bob
7bf767fc,2025-09-16,103,Widget C,2,9.99,Midwest,Alice
fa070eff,2025-07-25,103,Widget C,1,9.99,Northeast,Alice
9d2de265,2025-08-21,103,Widget C,1,9.99,West,Alice
c9105527,2025-07-31,104,Service X,1,49.99,Northeast,Dana
0041cb17,2025-10-04,103,Widget C,3,9.99,South,Alice
c2dff6f5,2025-08-20,103,Widget C,3,9.99,South,Alice
6a7b175b,2025-11-16,104,Service X,1,49.99,South,Dana
2b37aee6,2025-10-31,103,Widget C,2,9.99,Northeast,Bob
ebdae60b,2025-10-25,104,Service X,1,49.99,West,Charlie
013b2d47,2025-09-01,102,Widget B,1,29.99,West,Alice
68c681c9,2025-11-15,101,Widget A,1,19.99,West,Bob
1e32add5,2025-10-02,103,Widget C,1,9.99,Midwest,Alice
bc21d3ee,2025-08-05,103,Widget C,2,9.99,South,Bob
59ce5cfe,2025-09-14,102,Widget B,3,29.99,South,Alice
8dd7391c,2025-10-10,103,Widget C,10,9.99,West,Dana
2c576773,2025-09-25,103,Widget C,1,9.99,South,Charlie
14c7db26,2025-09-22,101,Widget A,5,19.99,Midwest,Dana
82bb2dd9,2025-09-11,104,Service X,1,49.99,South,Alice
8cd25f6b,2025-09-03,102,Widget B,1,29.99,Midwest,Alice
635af14d,2025-10-11,104,Service X,1,49.99,West,Bob
d8d2afad,2025-08-21,102,Widget B,1,29.99,Midwest,Charlie
8f7b8c84,2025-10-23,101,Widget A,5,19.99,Midwest,Alice
373c66e0,2025-07-25,102,Widget B,5,29.99,Midwest,Bob
91e6db49,2025-10-05,102,Widget B,1,29.99,South,Bob
16e8924b,2025-07-22,102,Widget B,3,29.99,West,Dana
fa2f0454,2025-11-05,103,Widget C,1,9.99,Northeast,Dana
dd8923e8,2025-10-02,101,Widget A,1,19.99,South,Dana
192e756a,2025-11-04,102,Widget B,1,29.99,West,Charlie
b931a694,2025-09-05,104,Service X,2,49.99,Midwest,Bob
1199cc35,2025-10-03,103,Widget C,1,9.99,Midwest,Charlie
ad5cfd79,2025-10-14,103,Widget C,1,9.99,Midwest,Bob
7cb1f86e,2025-07-25,104,Service X,3,49.99,Northeast,Charlie
73a5d6de,2025-10-25,101,Widget A,10,19.99,Northeast,Dana
f217471b,2025-09-23,102,Widget B,2,29.99,Northeast,Bob
ed5ba636,2025-07-27,102,Widget B,2,29.99,South,Bob
db0b2087,2025-09-22,103,Widget C,1,9.99,South,Dana
263b6ca4,2025-10-15,102,Widget B,2,29.99,Midwest,Dana
1389401f,2025-07-28,101,Widget A,1,19.99,Northeast,Dana
f0bd0bbc,2025-08-16,102,Widget B,2,29.99,Northeast,Dana
70e0a0aa,2025-08-30,104,Service X,1,49.99,South,Dana
b77cbc1c,2025-09-05,103,Widget C,1,9.99,South,Alice
3b9417cf,2025-10-20,103,Widget C,3,9.99,Northeast,Bob
16881dce,2025-10-27,101,Widget A,1,19.99,South,Charlie
3023cdd3,2025-08-22,103,Widget C,1,9.99,Northeast,Alice
c41bd130,2025-09-28,101,Widget A,1,19.99,West,Alice
c26c84e2,2025-10-21,103,Widget C,1,9.99,South,Charlie
7cac2b89,2025-10-17,102,Widget B,1,29.99,Northeast,Dana
58b54a67,2025-10-20,104,Service X,1,49.99,Midwest,Dana
0fecb3ba,2025-09-22,102,Widget B,5,29.99,Midwest,Alice
ff79f392,2025-08-08,104,Service X,1,49.99,South,Charlie
5e9ab926,2025-08-29,101,Widget A,1,19.99,Northeast,Alice
5095d734,2025-08-10,102,Widget B,1,29.99,Northeast,Alice
804d96ac,2025-09-25,101,Widget A,2,19.99,West,Charlie
29070da3,2025-08-09,103,Widget C,1,9.99,South,Charlie
b1cdfe26,2025-11-05,104,Service X,1,49.99,South,Charlie
c2710be2,2025-08-14,104,Service X,1,49.99,Midwest,Dana
b1df834a,2025-08-11,102,Widget B,3,29.99,Midwest,Dana
857889ff,2025-11-05,101,Widget A,1,19.99,West,Charlie
4b6a3a9d,2025-11-08,103,Widget C,1,9.99,Midwest,Alice
ace580de,2025-10-18,104,Service X,1,49.99,South,Alice
726b723f,2025-07-20,103,Widget C,1,9.99,South,Dana
08d85914,2025-09-20,101,Widget A,2,19.99,Northeast,Dana
08c5d99c,2025-08-12,102,Widget B,3,29.99,Midwest,Alice
0fcdf421,2025-09-06,103,Widget C,1,9.99,West,Charlie
10274c2a,2025-11-05,101,Widget A,1,19.99,Northeast,Bob
dd76b924,2025-08-29,101,Widget A,1,19.99,West,Bob
b7311eda,2025-09-27,101,Widget A,2,19.99,West,Charlie
5b902077,2025-10-30,102,Widget B,1,29.99,West,Charlie
f2fd5897,2025-09-08,102,Widget B,2,29.99,West,Dana
20a37978,2025-08-26,103,Widget C,1,9.99,South,Alice
d92b21d1,2025-09-26,101,Widget A,1,19.99,Midwest,Bob
417bb412,2025-09-19,101,Widget A,2,19.99,South,Charlie
5623c50a,2025-10-05,101,Widget A,1,19.99,South,Charlie
4f3f9acc,2025-11-14,104,Service X,10,49.99,West,Bob
8d3bae12,2025-10-12,102,Widget B,1,29.99,Northeast,Dana
5d1187a1,2025-09-16,103,Widget C,1,9.99,Midwest,Dana
1d0efd9b,2025-09-16,102,Widget B,2,29.99,Northeast,Alice
770e51fc,2025-07-30,104,Service X,1,49.99,Northeast,Alice
86cbb7f7,2025-09-25,104,Service X,1,49.99,Northeast,Charlie
918afd8e,2025-08-09,101,Widget A,1,19.99,Northeast,Charlie
26b89d6e,2025-10-16,103,Widget C,1,9.99,Northeast,Charlie
11e26440,2025-10-15,102,Widget B,1,29.99,West,Charlie
b7b91036,2025-09-27,101,Widget A,1,19.99,Midwest,Charlie
72448ec9,2025-09-14,101,Widget A,1,19.99,Northeast,Alice
00cba73f,2025-09-30,101,Widget A,1,19.99,West,Dana
fc0ca45e,2025-11-13,103,Widget C,1,9.99,Northeast,Dana
169c9e98,2025-11-08,103,Widget C,1,9.99,West,Alice
ffe23991,2025-10-08,103,Widget C,1,9.99,West,Dana
031e8b94,2025-10-23,104,Service X,5,49.99,Northeast,Charlie
8e072d46,2025-08-31,104,Service X,1,49.99,Midwest,Bob
fc7f924b,2025-08-21,102,Widget B,3,29.99,South,Dana
96fa3b70,2025-10-15,103,Widget C,1,9.99,Midwest,Alice
fb388936,2025-10-24,101,Widget A,1,19.99,Northeast,Alice
ec3e0d0a,2025-09-26,103,Widget C,1,9.99,West,Alice
3138d3d5,2025-11-08,104,Service X,2,49.99,South,Dana
10694b7c,2025-10-07,103,Widget C,3,9.99,Northeast,Dana
8d9dbc5c,2025-10-22,104,Service X,1,49.99,Midwest,Dana
278434c3,2025-08-10,103,Widget C,1,9.99,West,Charlie
272e4210,2025-10-05,104,Service X,5,49.99,Midwest,Dana
d089c622,2025-11-15,103,Widget C,1,9.99,West,Dana
096b9a4f,2025-09-29,104,Service X,1,49.99,West,Bob
b6792f27,2025-09-10,103,Widget C,1,9.99,West,Alice
1397269c,2025-07-25,101,Widget A,1,19.99,West,Bob
e2854a0d,2025-09-26,102,Widget B,1,29.99,Northeast,Bob
48922295,2025-09-07,104,Service X,1,49.99,Midwest,Alice
ba6c53c7,2025-09-23,102,Widget B,1,29.99,West,Alice
23a98bdf,2025-08-01,104,Service X,1,49.99,South,Charlie
